Cruise,Date,Area,StationID,CTD,Depth,ID_sample,Latitude,Longitude,Water_mass,Temp,Salinity,O2_sat,AOU,Fluorescence_Chla,Fluoresence_fDOM,PAR,TA,DIC,pH,pCO2,NO3,NO3_NO2,SiO2,NO2 ,PO4,Si*,NO3*,PO4* ,DOC,TDN,DON,Chla,BIX,b,t,a,m,c,FI,HIX,B_A,a254,a300,a350,E2_E3 ,E4_E6,S275_295,S350_400,S300_700,SR ,SUVA254,C1,C2,C3,C4,C5,r_C1,r_C2,r_C3,r_C4,r_C5,BA,Nanoplankton,Picoplankton,cluster
Augmentum01,2025-08-16T08:52:00,Sermilik,1,1,1,St1_1,65.93,-37.80258333,MW,0.02,22.941,118.5770564,-70.96606905,0.43,1.99,86.82,1800.906638,1696.113394,8.211905965,218.3449203,0.106,0.12,2.644,0.014,0.039,2.488514576,2.403085837,0.496914163,67.04,5.63,5.51,0.43,0.93518172,0.076783538,0.053946089,0.1411843,0.067754295,0.060167208,1.659734695,0.780819425,0.47989964,1.937651392,0.741825275,0.38937893,5.568090215,16.95348563,0.027915901,0.020419396,0.014204273,1.367126692,3.47101474,0.087575259,0.080689202,0,0.055811708,0.06519729,0.302742116,0.278937453,0,0.192937535,0.225382895,4.39E+05,8.99E+03,4.49E+04,1
Augmentum01,2025-08-16T08:52:00,Sermilik,1,1,15,St1_15,65.93,-37.80258333,MW,2.22,30.237,107.6762233,-26.17532207,0.69,2.958,10.768,2111.051838,1961.002554,8.165769134,269.9105837,0.2106,0.228,0.599,0.0174,0.245,0.363814533,-0.720493947,3.620493947,82.94,5.65,5.43,0.69,0.733218932,0.07588655,0.070166797,0.290580563,0.145145362,0.115869151,1.284665315,0.860335761,0.499501276,2.813779006,0.97749954,0.407366521,8.986317967,3.473775907,0.028875669,0.025504954,0.019740929,1.132159202,4.074462039,0.183332752,0.193352144,0,0.076453271,0.073384589,0.348195305,0.367224668,0,0.145204116,0.139375911,1.48E+05,9.94E+03,1.00E+04,2
Augmentum01,2025-08-16T08:52:00,Sermilik,1,1,45,St1_45,65.93,-37.80258333,AW,0.26,31.841,98.09879373,6.733452986,0.13,2.72,0.597,2179.986998,2060.76326,8.079637849,340.0264562,7.1389,7.216,6.547,0.0771,0.638,-0.655265824,-0.030576003,2.930576003,136.37,22.23,15.01,0.13,0.73026049,0.102187088,0.069320642,0.237430756,0.135096414,0.106085142,1.563487897,0.810590375,0.568992898,2.805161082,1.271332691,0.74436161,2.756634433,2.233704408,0.021513376,0.014518419,0.010364838,1.481798828,2.470470695,0.148837014,0.164846025,0.006127734,0.092103787,0.082812389,0.30084679,0.333206075,0.012386093,0.186170951,0.167390091,1.85E+05,5.34E+04,2.34E+05,3
Augmentum01,2025-08-16T14:35:00,Sermilik,2,2,1,St2_1,65.84783333,-37.90266667,MW,0.06,24.38,119.0695685,-71.95793633,0.32,1.962,78.001,1861.166196,1746.351051,8.214662289,220.4315825,0.0922,0.104,4.114,0.0118,0.026,3.949410749,2.592714176,0.307285824,73.68,10.25,10.15,0.32,0.709954816,0.038751076,0,0.102569922,0.041412809,0.057583624,1.816794274,0.932478658,0.403751979,1.54690676,0.774696749,0.251240494,5.218474113,0.760068974,0.021408699,0.009576635,0.016383045,2.235513873,2.521408564,0.078890313,0.027727939,0.012014018,0.128309428,0.011974005,0.304694973,0.107092535,0.04640127,0.495564489,0.046246732,9.09E+04,4.99E+02,5.68E+03,1
Augmentum01,2025-08-16T14:35:00,Sermilik,2,2,15,St2_15,65.84783333,-37.90266667,MW,2.05,30.142,108.167947,-27.99232514,0.89,2.725,8.347,2106.963152,1956.739105,8.170927624,265.8621213,0.1269,0.142,0.539,0.0151,0.202,0.389338308,-0.130366174,3.030366174,119.68,15.21,15.07,0.89,0.992117354,0.028600505,0.018703885,0.284158021,0.185836868,0.219030048,1.826921755,0.960529379,0.65399128,3.328951163,1.730757143,0.898642864,4.01333593,1.267742692,0.018842799,0.006329103,0.008372265,2.977167657,3.340741096,0.153015355,0.203143708,0.111576895,0.254428884,0.037118599,0.201526,0.267546607,0.146950255,0.335090784,0.048886354,1.79E+05,1.99E+04,1.89E+04,2
Augmentum01,2025-08-16T14:35:00,Sermilik,2,2,45,St2_45,65.84783333,-37.90266667,AW,0.24,31.645,99.64779542,1.249950795,0.21,2.874,0.35,2171.813775,2045.44358,8.104315565,318.4816706,5.2008,5.279,5.175,0.0782,0.549,-0.101879693,-0.53354159,3.43354159,121.37,20.04,14.77,0.21,0.738001555,0.015894929,0,0.236896977,0.165724267,0.127698019,1.231408083,0.988333383,0.699562609,2.310428914,0.917504735,0.360529394,3.258798115,0.926041063,0.02311435,0,0.01451615,Inf,2.286239485,0.163245991,0.15200474,0.012276904,0.078354652,0.009764064,0.392752134,0.365706903,0.029536898,0.188512788,0.023491277,6.60E+04,2.22E+02,9.51E+02,3
Augmentum01,2025-08-17T08:34:00,Sermilik,3,3,1,St3_1,65.79116667,-37.9415,MW,1.58,24.499,113.0650218,-47.32330751,0.27,2.113,85.029,1868.595875,1755.700813,8.180478629,242.752467,0.1031,0.118,2.647,0.0149,0.071,2.4905685,1.897469857,1.002530143,50.93,3.41,3.29,0.27,0.618614901,0,0,0.089665531,0.035952324,0.040973683,0.601039369,0.997954392,0.400960361,3.626197756,1.896059053,1.378782262,2.332960778,1.247237463,0.012161141,0.004242417,0.004441571,2.866559836,8.55056418,0.071630801,0.013944366,0,0.123959549,0,0.341856482,0.066549193,0,0.591594325,0,5.59E+05,1.21E+04,4.79E+04,1
Augmentum01,2025-08-17T08:34:00,Sermilik,3,3,15,St3_15,65.79116667,-37.9415,MW,3.01,30.057,108.534788,-28.57205648,0.51,2.783,25.307,2103.667348,1951.072138,8.163150007,271.8667545,0.1621,0.181,0.58,0.0189,0.263,0.391324297,-1.049531183,3.949531183,78.78,5.32,5.14,0.51,0.623426044,0.02636842,0.023168018,0.307177559,0.146471336,0.124052325,1.353717933,0.958374527,0.476829548,3.163569268,1.222694954,0.473438426,7.600708518,1.156063452,0.025791111,0.018315567,0.018047887,1.408152488,4.823066983,0.205075348,0.174990808,0,0.135405551,0.027335358,0.37780523,0.322381228,0,0.24945429,0.050359253,9.68E+04,2.11E+03,1.47E+04,2
Augmentum01,2025-08-17T08:34:00,Sermilik,3,3,45,St3_45,65.79116667,-37.9415,MW,0.71,31.318,103.1585703,-11.10153328,0.28,2.917,1.479,2157.79654,2022.319603,8.128449196,298.6715788,3.6139,3.681,3.855,0.0671,0.472,0.170493753,-0.892996075,3.792996075,106.89,11.45,7.76,0.28,0.671341738,0.022432865,0.009430113,0.277691592,0.145871747,0.124716173,1.60084728,0.975086813,0.525301274,3.392294446,1.621247251,0.884762647,4.064538543,1.194191267,0.021596709,0.006656427,0.008345521,3.244489849,3.811398353,0.185344382,0.172395573,0.003702346,0.084233278,0.016592558,0.400945615,0.372934146,0.008009087,0.182217356,0.035893796,1.37E+05,5.30E+03,1.31E+04,3
Augmentum01,2025-08-17T09:57:00,Sermilik,4,4,1,St4_1,65.757,-37.97616667,MW,1.01,25.155,115.1088409,-55.26475598,0.28,3.077,90.08,1894.898974,1774.550416,8.20061468,231.5838531,0.1126,0.128,2.275,0.0154,0.078,2.113346773,1.797555479,1.102444521,54.28,3.03,2.91,0.28,0.808447271,0.037289668,0.017997594,0.142913455,0.07257024,0.087180551,1.564783322,0.936274921,0.507791518,1.939179348,0.755602198,0.305044338,6.009655885,0.659550325,0.025705025,0.016066235,0.015377931,1.599940805,4.290736636,0.109358577,0.068297147,0.003154371,0.005482548,0.030034853,0.50552324,0.315711819,0.014581462,0.025343742,0.138839738,8.02E+04,1.10E+04,4.20E+04,1
Augmentum01,2025-08-17T09:57:00,Sermilik,4,4,15,St4_15,65.757,-37.97616667,MW,2.56,29.788,109.7037044,-32.91973991,0.35,2.756,14.434,2092.101076,1940.890786,8.171970423,264.4541109,0.1183,0.137,0.534,0.0187,0.232,0.389440204,-0.60692375,3.50692375,91.35,4.47,4.33,0.35,0.719401307,0.015440663,0.010547127,0.197983939,0.091305884,0.083521633,1.851363202,0.973138497,0.461178235,2.482457776,1.035559934,0.437585253,4.99770241,1.720392567,0.024136707,0.010934934,0.013517543,2.207302586,3.263753275,0.1353352,0.102532345,0,0.026996503,0.015596109,0.482546975,0.365586136,0,0.09625789,0.055608999,2.92E+05,7.86E+02,3.39E+03,2
Augmentum01,2025-08-17T09:57:00,Sermilik,4,4,45,St4_45,65.757,-37.97616667,MW,0.29,31.234,103.1770344,-11.2964478,0.28,2.861,0.557,2154.253689,2020.8493,8.130967285,295.950312,3.6893,3.752,3.988,0.0627,0.469,0.231258754,-0.776622224,3.676622224,62.63,7.17,3.42,0.28,0.680113913,0.026152584,0.014986422,0.250062919,0.127587407,0.122027911,1.543286545,0.962455209,0.510221215,2.366455183,1.061853272,0.569725862,4.22764902,0.992289512,0.022342885,0.008302877,0.00858386,2.690981024,4.538083854,0.159068356,0.145904874,0.008000135,0.002071281,0.027557285,0.464294977,0.425872889,0.023351108,0.006045737,0.080435289,2.18E+05,2.08E+03,1.80E+04,3
Augmentum01,2025-08-18T09:21:00,Sermilik,5,5,1,St5_1,65.6995,-38.01516667,MW,4.85,29.226,106.6235471,-21.3314922,0.27,2.618,83.046,2068.026288,1916.857388,8.146304936,283.2209924,0.112,0.131,0.789,0.019,0.278,0.645738331,-1.336553758,4.236553758,86.16,6.42,6.29,0.27,0.516784777,0.082681904,0.043443066,0.455639998,0.248968107,0.748067775,2.584763655,0.911687233,0.546414072,4.375914506,2.52712379,2.022283078,2.706655983,0.848139463,0.014065665,0.011990014,0.004553067,1.17311495,6.099841454,0.170626022,0.180430798,0.57375054,0.630989021,0.050472247,0.106225085,0.112329155,0.357194637,0.392829076,0.031422046,5.16E+04,7.30E+01,5.98E+02,2
Augmentum01,2025-08-18T09:21:00,Sermilik,5,5,15,St5_15,65.6995,-38.01516667,MW,4.2,29.713,107.7051811,-25.11621123,0.27,2.415,9.238,2090.301555,1938.076195,8.149354808,281.8252087,0.0824,0.093,0.72,0.0106,0.29,0.615094576,-1.560661943,4.460661943,NA,NA,,0.27,0.767867354,0.046368395,0.021873836,0.267234096,0.128419018,0.114781163,1.325714622,0.96484386,0.480548776,3.331820887,1.280240989,0.602662945,6.534758677,1.739260878,0.024946517,0.008739761,0.011665687,2.854370503,,0.185754242,0.146222141,0.020282734,0.048413527,0.031883051,0.429434276,0.338042344,0.046890457,0.111924377,0.073708545,5.02E+04,9.00E+01,5.91E+02,2
Augmentum01,2025-08-18T09:21:00,Sermilik,5,5,45,St5_45,65.6995,-38.01516667,MW,2.16,31.183,107.743461,-26.25383799,0.27,2.932,0.447,2151.552371,1995.165995,8.164306484,273.0747144,0.4661,0.504,0.816,0.0379,0.354,0.305743434,-2.156526019,5.056526019,157.7,19.59,19.09,0.27,0.651805565,0.054597498,0.029461242,0.354264816,0.195887975,0.14821395,1.328303035,0.954307162,0.552942224,5.056635784,2.628046658,1.557684526,3.459722883,1.407108578,0.01696486,0.006241747,0.007278995,2.717966751,3.851111581,0.25444724,0.213275853,0,0.096021763,0.044369082,0.418420339,0.350716929,0,0.157900941,0.072961791,7.31E+04,8.72E+02,6.80E+03,2
Augmentum01,2025-08-18T10:48:00,Sermilik,6,6,1,St6_1,65.64083333,-38.03216667,MW,5.11,29.289,106.0664452,-19.40670987,0.3,2.604,93.016,2070.890075,1918.941143,8.143037891,286.0967724,0.0937,0.112,0.739,0.0183,0.267,0.615287349,-1.182289266,4.082289266,86.07,6.32,6.21,0.3,0.554678225,0.04755448,0.028445273,0.375398772,0.151398663,0.21017159,2.233256632,0.952005564,0.403300902,3.564943941,1.559336605,1.004817564,3.901973956,1.415383684,0.022698287,0.01693217,0.008928577,1.340542154,4.97453762,0.209823413,0.12897019,0.153452352,0.273102102,0.035057624,0.262146331,0.161131028,0.191718219,0.341204603,0.04379982,7.20E+04,9.91E+02,3.59E+03,2
Augmentum01,2025-08-18T10:48:00,Sermilik,6,6,15,St6_15,65.64083333,-38.03216667,MW,4.21,29.835,106.6959836,-21.80126242,0.46,2.629,30.052,2095.564559,1943.333383,8.146803502,284.1355032,0.1383,0.157,0.573,0.0187,0.312,0.408064223,-1.842765669,4.742765669,84.96,5.82,5.67,0.46,0.567687752,0.033742138,0.013669376,0.338295809,0.165744766,0.175723966,1.575717339,0.962546818,0.489940348,6.573933425,3.399046141,2.358173176,2.978534548,1.014434559,0.016596459,0.003904303,0.004616835,4.250811694,9.293266908,0.219206459,0.176086033,0.042781979,0.074108894,0.03119228,0.403416054,0.324059488,0.078733708,0.136386116,0.057404634,5.92E+04,6.16E+02,4.84E+02,2
Augmentum01,2025-08-18T10:48:00,Sermilik,6,6,45,St6_45,65.64083333,-38.03216667,MW,2.57,31.127,106.835368,-22.94757876,0.4,2.969,1.985,2149.754849,1993.081106,8.159424048,276.810556,0.2521,0.276,0.67,0.0239,0.339,0.386115057,-2.144975414,5.044975414,102.97,8.5,8.22,0.4,0.808637258,0.059072082,0.058518808,0.33078571,0.1622292,0.136146632,1.569397522,0.90653702,0.490435937,6.573933425,3.399046069,2.358173245,2.978534656,1.014434571,0.016596458,0.003904304,0.004616835,4.250810555,7.667342727,0.220410274,0.190962287,0,0.203700717,0.058937266,0.327013095,0.283322403,0,0.302221855,0.087442647,6.35E+04,6.19E+02,1.23E+03,2
Augmentum01,2025-08-18T14:42:00,Sermilik,7,7,1,St7_1,65.54883333,-38.07933333,MW,5.22,29.323,107.959097,-25.38806107,0.17,2.626,93.407,2071.703254,1916.329758,8.149884217,281.1376639,0.1209,0.137,0.677,0.0161,0.267,0.52989923,-1.157654288,4.057654288,187.47,24.91,24.77,0.17,0.611653055,0.030967141,0.010403482,0.271667775,0.110879361,0.124651091,1.43405257,0.967973262,0.408143223,3.19130098,1.281962371,0.617304113,5.721390115,0.754340211,0.024141225,0.013354625,0.012095549,1.807705213,2.044461768,0.176409235,0.130282319,0,0.068916402,0.019376388,0.446623359,0.329841729,0,0.17447882,0.049056092,2.30E+05,8.66E+02,5.42E+03,2
Augmentum01,2025-08-18T14:42:00,Sermilik,7,7,15,St7_15,65.54883333,-38.07933333,MW,3.92,29.997,108.0547334,-26.37896918,0.24,2.786,29.548,2101.688077,1946.748158,8.15571736,277.8098817,0.0832,0.097,0.597,0.0138,0.294,0.490403077,-1.618573949,4.518573949,NA ,NA,,0.24,0.762005039,0.041464917,0.014007636,0.305205273,0.140675251,0.112064858,1.22082675,0.958254158,0.460920119,3.252780556,1.197245155,0.440860358,7.567145047,0.997290421,0.026260928,0.016398754,0.016688179,1.601397726,,0.198680688,0.164883246,0,0.024200121,0.026338589,0.479786089,0.398169991,0,0.058439909,0.06360401,2.32E+05,3.28E+03,5.59E+03,2
Augmentum01,2025-08-18T14:42:00,Sermilik,7,7,45,St7_45,65.54883333,-38.07933333,MW,1.45,31.452,106.8572551,-23.6227261,0.32,3.236,1.822,2162.283948,2007.274474,8.167284602,271.162045,0.7177,0.766,1.091,0.0483,0.385,0.318419444,-2.384783019,5.284783019,75.58,4.61,3.84,0.32,0.709819347,0.046963351,0.009138583,0.348033551,0.165585323,0.141443622,1.3762664,0.956715228,0.475774024,3.485988109,1.360790916,0.549592782,6.710538201,0.86728692,0.026736715,0.010325123,0.014556936,2.589481492,5.539391001,0.23295138,0.198266529,0,0.041361025,0.031206331,0.462402131,0.393553649,0,0.082100506,0.061943714,2.88E+05,6.92E+03,2.73E+04,2
Augmentum01,2025-08-18T16:37:00,Sermilik,8,8,1,St8_1,65.40166667,-38.074,MW,5,31.255,107.4746054,-23.62502937,0.3,2.731,80.402,2151.380697,1982.760238,8.150688651,286.5679277,0.1027,0.12,0.433,0.0173,0.289,0.306706998,-1.513445109,4.413445109,77.96,5.28,5.16,0.3,0.800340474,0.032489118,0.018403801,0.291327688,0.123399033,0.109096868,1.577389663,0.973788734,0.423574683,3.285466136,1.141974385,0.413893486,8.558575793,0.599136083,0.028956113,0.018905015,0.019840596,1.531663022,5.061370997,0.194160379,0.152687415,0,0.059589271,0.025089605,0.449938306,0.353830773,0,0.138089427,0.058141494,2.20E+05,7.55E+02,3.47E+03,2
Augmentum01,2025-08-18T16:37:00,Sermilik,8,8,15,St8_15,65.40166667,-38.074,AW,3.69,31.72,108.6027757,-27.96654458,0.47,2.824,11.752,2171.356801,2002.911911,8.162026775,278.3656845,0.093,0.107,0.458,0.014,0.288,0.34382488,-1.508990841,4.408990841,74.04,4.25,4.14,0.47,0.592614688,0.015383722,0.004992126,0.284260254,0.1468966,0.13366282,1.33529731,0.980533868,0.51676799,3.352903137,1.425144483,0.699948764,5.216982539,0.792580217,0.023045273,0.009037822,0.010750842,2.5498701,5.438731318,0.196549333,0.172712728,0,0,0.01675496,0.509172712,0.447422571,0,0,0.043404718,2.21E+05,7.51E+02,3.13E+03,2
Augmentum01,2025-08-18T16:37:00,Sermilik,8,8,45,St8_45,65.40166667,-38.074,AW,0.88,32.89,102.8469782,-9.841984362,0.51,4.588,0.405,2220.753562,2067.865624,8.145219368,291.4986346,2.5714,2.677,2.83,0.1056,0.505,0.149742917,-2.387980274,5.287980274,70.51,7.05,4.37,0.51,0.818536074,0.021453463,0,0.346984805,0.174321867,0.142374146,1.280341607,0.991056505,0.502390493,2.980050392,1.186071191,0.403350299,6.880429758,1.502146849,0.025531103,0.01309825,0.018002386,1.949199526,5.07593323,0.230016651,0.197368589,0.001693616,0.02425198,0.01095655,0.495418695,0.425100046,0.003647776,0.052234845,0.023598639,2.24E+05,9.40E+01,2.39E+03,3
Augmentum01,2025-08-21T08:54:00,Iterdlak,9,9,1,St9_1,60.91283333,-45.31216667,MW,3.22,27.091,106.1291429,-20.87629559,0.1,7.395,51.552,1919.778933,1827.385587,8.038189018,351.1152047,0.4537,0.536,2.301,0.0823,0.263,1.734847246,-0.709268605,3.609268605,215.99,31.93,31.4,0.1,0.363265434,0.250699331,0.084597774,0.959617954,0.626866979,2.154940103,2.937828432,0.887415937,0.653246406,9.759804256,7.660443676,6.49400831,1.355246287,1.162612555,0.003913249,0.000406667,0.001971462,9.622745411,5.426779073,0.236301104,0.144912166,2.459035689,3.973855676,0.141491744,0.033972803,0.020833895,0.353533408,0.57131775,0.020342144,5.39E+05,6.55E+04,4.19E+05,4
Augmentum01,2025-08-21T09:48:00,Iterdlak,10,10,1,St10_1,60.85115,-45.4803,MW,3.68,30.718,105.5304753,-17.51857159,0.37,4.606,77.795,2096.639618,1955.519062,8.113480048,307.676624,0.2355,0.292,0.938,0.0565,0.251,0.633263264,-0.75057646,3.65057646,110.41,12.86,12.57,0.37,0.437735088,0.361464893,0.139067269,1.064520871,0.482035384,1.516304028,2.503144291,0.849317279,0.452819101,9.136455803,6.831933303,5.625755734,1.699366167,1.252890377,0.002482248,0.002757089,0.002360637,0.900314966,9.938452672,0.318964637,0.111813437,1.975656268,2.928576726,0.206903553,0.057554953,0.020175958,0.356493451,0.528441329,0.037334309,2.62E+05,1.20E+04,2.41E+04,4
Augmentum01,2025-08-21T09:48:00,Iterdlak,10,10,15,St10_15,60.85115,-45.4803,MW,3.46,31.193,105.5350488,-18.11991349,0.38,3.207,0.472,2120.106382,1974.687236,8.119116115,304.8170065,0.2323,0.284,0.869,0.0517,0.265,0.573264719,-0.976641419,3.876641419,193.19,27.13,26.84,0.38,0.779094738,0.048677514,0.020711542,0.325258358,0.180915091,0.259410143,1.685407255,0.94857157,0.556219652,4.379378169,2.622347946,2.204441613,2.641324345,1.080502241,0.022090583,0.014585173,0.005310481,1.514591731,2.722507137,0.210414203,0.181166125,0.1100462,0.456747612,0.032558291,0.212339607,0.182823893,0.111053183,0.4609271,0.032856217,2.40E+05,2.22E+03,8.10E+03,2
Augmentum01,2025-08-21T09:48:00,Iterdlak,10,10,45,St10_45,60.85115,-45.4803,AW,1.83,32.132,103.5303559,-18.16767464,0.12,3.26,0.008,2165.258507,2017.447228,8.132737933,295.8775068,0.929,1.093,1.5,0.164,0.396,0.398558802,-2.234259953,5.134259953,123.13,16.8,15.71,0.12,0.604644281,0.036074769,0.00788422,0.287116506,0.132142937,0.162385933,1.933349629,0.977897215,0.460241521,3.00122094,1.381922419,1.08641483,3.95089454,0.45188383,0.018203735,0.017722489,0.008372868,1.027154498,2.927413236,0.181186556,0.141985184,0.047080208,0.0749409,0.016056169,0.392817218,0.307827614,0.102071129,0.162473842,0.034810197,3.11E+05,5.88E+03,1.56E+04,3
Augmentum01,2025-08-21T13:38:00,Iterdlak,11,11,1,St11_1,60.74883333,-45.6755,MW,5.5,30.512,110.0871437,-11.98214407,1.04,3.209,80.657,2084.936616,1939.723055,8.100198812,318.9867089,0.1308,0.153,0.541,0.0222,0.145,0.380407987,0.775401783,2.124598217,87.02,7.17,7.01,1.04,0.728803936,0.055501036,0.027247026,0.394392648,0.141527574,0.233360128,2.077461627,0.935816045,0.358849423,5.083177605,2.216832,1.343919102,3.827775342,0.731587563,0.019761344,0.00781082,0.007317128,2.52999625,7.015458241,0.230864153,0.144726313,0.116649546,0.3585657,0.048372871,0.256750058,0.160953915,0.129729008,0.398770285,0.053796734,7.11E+04,3.35E+02,2.78E+03,2
Augmentum01,2025-08-21T13:38:00,Iterdlak,11,11,15,St11_15,60.74883333,-45.6755,MW,4.12,31.152,107.6921383,-31.68091076,0.9,3.089,4.573,2116.940748,1969.296622,8.115637948,307.8557257,0.168,0.197,0.659,0.029,0.206,0.452745857,-0.136925133,3.036925133,,,,0.9,0.790978918,0.036336332,0.024687492,0.284151646,0.151326914,0.18678842,2.019569747,0.949544207,0.532556881,3.330809627,1.639039286,1.025440957,3.58746138,1.392482281,0.01917253,0.010468285,0.007003738,1.8314873,,0.170041804,0.142604885,0.122989139,0.146809496,0.03161813,0.276912431,0.232231513,0.200287345,0.239078706,0.051490005,1.33E+05,1.06E+03,3.27E+03,2
Augmentum01,2025-08-21T13:38:00,Iterdlak,11,11,45,St11_45,60.74883333,-45.6755,AW,1.95,31.982,102.06116,-24.85196916,0.13,3.269,0.163,2157.861692,2013.974627,8.12301729,302.7990891,1.0722,1.23,1.576,0.1578,0.405,0.338861495,-2.241684538,5.141684538,98.02,10.37,9.14,0.13,0.638563887,0.032469556,0,0.206249544,0.100069059,0.15092178,2.246658499,0.986108352,0.485184388,2.154201549,1.155886486,0.53344029,4.204084383,1.474623218,0.020540711,0.013945835,0.013497844,1.472892178,2.639386792,0.137943471,0.095731215,0.094232974,0.10885177,0.009015965,0.30944613,0.214752128,0.211391151,0.244185236,0.020225355,8.93E+04,3.66E+02,4.08E+03,3
Augmentum01,2025-08-22T07:53:00,Iterdlak,12,12,1,St12_1,60.70316667,-45.91066667,MW,5.17,30.285,106.2649934,-6.982498047,1.13,3.026,83.759,2074.433686,1936.650502,8.089065571,326.905268,0.1767,0.214,0.734,0.0373,0.178,0.509910689,0.317106243,2.582893757,86.18,8.54,8.33,1.13,0.688253732,0.113584077,0.095104643,0.297441064,0.163516465,0.141327686,1.315286086,0.827919627,0.549744081,3.13745139,1.286630704,0.661105624,6.203189961,11453.10354,0.022586219,0.017275885,0.014130072,1.307384141,4.372212829,0.192927111,0.188086871,0.015648505,0.112199384,0.094131281,0.319949092,0.311922068,0.02595138,0.186070743,0.156106717,1.07E+05,7.00E+03,2.16E+04,2
Augmentum01,2025-08-22T07:53:00,Iterdlak,12,12,15,St12_15,60.70316667,-45.91066667,MW,5.14,30.304,106.5238463,-19.86501222,1.18,3.03,4.758,2075.917634,1938.834191,8.086625288,328.5911716,0.1463,0.171,0.706,0.0247,0.169,0.524612303,0.416181378,2.483818622,88.71,8.88,8.71,1.18,0.850875196,0.089892208,0.067344816,0.260421138,0.136995113,0.120566144,1.233135067,0.839144434,0.526052202,2.539399746,0.999838462,0.414630486,7.85478353,21.82781911,0.025231681,0.017633662,0.0183058,1.430881473,3.437817832,0.169454594,0.160194345,0.005721463,0.107994913,0.077533801,0.325311733,0.307534301,0.010983821,0.207324048,0.148846097,5.33E+04,2.35E+03,8.81E+03,2
Augmentum01,2025-08-22T07:53:00,Iterdlak,12,12,45,St12_45,60.70316667,-45.91066667,WGSW,2.16,31.908,101.233892,-20.69764912,0.29,3.095,0.046,2154.675014,2014.230424,8.111442626,311.9011139,1.5862,1.699,2.141,0.1128,0.444,0.432904539,-2.393776097,5.293776097,153.63,18.6,16.9,0.29,0.798067964,0.13130547,0.075923284,0.327379788,0.166344314,0.17764817,1.471423688,0.82207681,0.508108074,6.398019421,3.615966564,2.609547191,2.814825565,1.518970458,0.013188206,0.005833354,0.005372427,2.260827197,5.00163708,0.210946234,0.207791189,0.016366693,0.101949448,0.098101622,0.332117628,0.327150267,0.025768023,0.160511086,0.154452997,2.38E+04,4.37E+02,3.98E+03,3
Augmentum01,2025-08-22T09:11:00,Iterdlak,13,13,1,St13_1,60.694,-46.11233333,MW,6.36,29.467,107.7406838,-4.16030138,1.08,2.902,84.141,2034.067253,1903.825282,8.064742526,344.8719987,0.118,0.142,0.717,0.024,0.119,0.564184607,1.171142127,1.728857873,77.68,5.85,5.71,1.08,0.685066029,0.063260698,0.070215293,0.30101601,0.15785436,0.12656459,1.202322844,0.880789019,0.524405198,3.957426246,1.789305323,0.900585122,5.381774938,3.144516384,0.02122043,0.01201551,0.01250676,1.766086496,6.118729626,0.201499559,0.184192777,0.00114166,0.097315231,0.067699388,0.365135571,0.333774104,0.002068792,0.17634407,0.122677463,3.31E+04,6.03E+02,5.53E+03,2
Augmentum01,2025-08-22T09:11:00,Iterdlak,13,13,15,St13_15,60.694,-46.11233333,MW,5.32,30.447,108.3319322,-24.0099087,1.31,2.843,5.814,2082.526428,1941.636743,8.0915948,325.2464921,0.1154,0.134,0.716,0.0186,0.207,0.570639427,-0.215965808,3.115965808,75.95,5.48,5.35,1.31,0.924251502,0.056876274,0.066860016,0.307304234,0.153706931,0.128701556,1.222161418,0.882995544,0.500178369,3.065641072,1.286176348,0.496261196,8.104507338,24.00845522,0.034530486,0.019745693,0.022980118,1.748760376,4.84763294,0.199497167,0.194095904,0,0.092947812,0.069698348,0.358653536,0.348943212,0,0.167100425,0.125302826,3.21E+04,5.59E+02,5.40E+03,2
Augmentum01,2025-08-22T09:11:00,Iterdlak,13,13,45,St13_45,60.694,-46.11233333,WGSW,2.7,31.648,103.6171551,-26.29294513,0.55,2.954,0.188,2141.282811,1998.292617,8.114790594,308.420463,0.9155,0.973,1.476,0.0575,0.373,0.492743931,-1.993152958,4.893152958,87.3,8.79,7.82,0.55,0.69574225,0.059122232,0.061344029,0.305288002,0.157216706,0.127537127,1.47195244,0.883052732,0.514978332,2.839743889,1.124714974,0.570800915,6.782506651,1.458050875,0.023506485,0.017565925,0.012934195,1.338186585,3.906751916,0.191427199,0.194519957,0.001203096,0.138058171,0.066593058,0.323465226,0.32869123,0.002032938,0.233284599,0.112526007,7.48E+04,4.28E+03,1.56E+04,3
Augmentum01,2025-08-22T13:21:00,Iterdlak,14,14,1,St14_1,60.64383333,-46.25516667,MW,6.48,29.589,107.9615185,-12.05615216,0.31,2.897,85.922,2039.556209,1907.885987,8.064731568,345.6026767,0.121,0.137,0.702,0.016,0.104,0.554322705,1.401857043,1.498142957,70.4,6.1,5.96,0.31,0.532687831,0.13275526,0.08692328,0.439038265,0.32123322,0.782272432,2.556372143,0.844685979,0.731674766,6.754117115,3.614678371,2.541821343,1.869380461,1.274632546,0.022000601,0.004337798,0.00459814,5.071836091,11.52160878,0.184289354,0.208792849,0.490773292,2.427371049,0.141263644,0.053378676,0.060476015,0.142150525,0.703078334,0.040916451,2.96E+04,4.36E+02,4.44E+03,2
Augmentum01,2025-08-22T13:21:00,Iterdlak,14,14,15,St14_15,60.64383333,-46.25516667,MW,4.86,30.622,107.0083251,-24.60370364,0.97,2.458,9.285,2090.997495,1950.50403,8.094415635,323.2909337,0.1394,0.163,0.958,0.0236,0.213,0.779380885,-0.281246504,3.181246504,82.23,6.33,6.16,0.97,0.764299796,0.065060103,0.072083714,0.278426881,0.152211095,0.139680732,1.438059967,0.858148367,0.546682468,4.11228911,1.868581387,1.156026221,3.589184003,1.456705421,0.015460545,0.0068141,0.007243389,2.268904972,6.006265603,0.185458073,0.183847683,0.023784289,0.514245944,0.08459164,0.186967343,0.185343847,0.023977847,0.518430911,0.085280052,7.53E+04,9.42E+03,1.54E+04,2
Augmentum01,2025-08-22T13:21:00,Iterdlak,14,14,45,St14_45,60.64383333,-46.25516667,WGSW,2.45,31.802,103.6780568,-22.33091557,0.63,2.963,0.441,2148.276291,2005.25577,8.116080086,307.8089753,1.2958,1.386,1.613,0.0902,0.378,0.222346216,-1.666423173,4.566423173,NA,NA,,0.63,0.782384426,0.286843937,0.166787869,0.648313761,0.414944821,0.640574593,2.298530627,0.79367426,0.64003704,10.19262423,6.220166653,3.982913444,2.791566362,1.811522305,0.011992208,0.006855629,0.00672251,1.749249898,,0.32155225,0.353954034,0.607921988,6.006653803,0.408901883,0.041765544,0.045974123,0.078961327,0.780187858,0.053111149,6.33E+04,7.74E+03,3.59E+04,4
Augmentum01,2025-08-23T10:33:00,Iterdlak,15,15,1,St15_1,60.16865,-47.26515,WGSW,4.02,33.061,103.0379354,-12.32138549,0.44,2.707,94.127,2212.354467,2069.53549,8.068234653,359.547054,8.0655,8.249,3.828,0.1835,0.638,-4.326339116,0.982945413,1.917054587,71.49,8.53,0.28,0.44,0.753960456,0.071983457,0.063535504,0.262755604,0.153582574,0.148801186,1.750718098,0.867278706,0.584507319,3.249432373,1.378219928,0.848873971,4.747577443,1.773568682,0.021821792,0.015321667,0.010121581,1.424243933,5.458744389,0.157705997,0.162472821,0.078090747,0.511637624,0.077672258,0.159689427,0.164516203,0.079072876,0.518072369,0.078649124,3.19E+04,8.26E+02,5.49E+03,3
Augmentum01,2025-08-23T10:33:00,Iterdlak,15,15,15,St15_15,60.16865,-47.26515,WGSW,5.36,34.016,101.5145059,-9.698436445,0.76,2.409,13.744,2260.700817,2095.308905,8.087037055,348.8237189,5.3958,5.534,2.804,0.1382,0.501,-2.669662853,0.472855971,2.427144029,75.79,12.23,6.69,0.76,0.720353255,0.108618847,0.076653059,0.256950234,0.159196667,0.162764087,1.545910885,0.817037462,0.619562255,3.825119371,1.867699866,1.206762665,3.75787093,3.350310555,0.019591702,0.012257884,0.008715257,1.598293881,6.061514217,0.153646798,0.15754929,0.074336081,1.656407227,0.114808845,0.071240025,0.073049458,0.03446674,0.768011396,0.053232381,2.14E+05,3.06E+04,6.06E+04,3
Augmentum01,2025-08-23T10:33:00,Iterdlak,15,15,45,St15_45,60.16865,-47.26515,WGIW,5.67,34.461,98.43553911,-4.64951116,0.36,2.29,1.106,2283.707635,2108.892897,8.095576644,342.795691,3.4032,3.525,2.597,0.1218,0.444,-0.907191544,-0.598748424,3.498748424,74.23,14.23,10.7,0.36,0.741253714,0.13020401,0.076781238,0.260853639,0.165610325,0.190662718,2.056826131,0.795698024,0.634878338,4.380631624,2.228502996,1.30468477,3.800368539,2.0341108,0.018441962,0.008579484,0.008823142,2.149542157,7.087765468,0.140183516,0.148601888,0.126960947,3.394647842,0.153877397,0.035361734,0.037485295,0.032026299,0.856310615,0.038816058,7.54E+04,4.81E+03,1.57E+04,3
Augmentum01,2025-08-23T14:34:00,Iterdlak,16,16,1,St16_1,60.48116667,-46.58583333,MW,6.04,29.953,109.1060138,4.752348093,0.51,2.293,86.221,2055.984132,1921.964854,8.070999005,341.2790511,0.3376,0.374,1.108,0.0364,0.275,0.719935226,-1.048854521,3.948854521,105.27,10.13,9.76,0.51,0.810621031,0.067307328,0.065310806,0.249871465,0.134250886,0.120077931,1.70461972,0.863685141,0.537279783,3.108506362,1.248093458,0.574449143,6.019801808,2.952507059,0.025841057,0.009085268,0.012171794,2.844281187,3.546376146,0.160166164,0.150898184,0.009755343,0.389493047,0.073478303,0.204348042,0.192523487,0.012446357,0.496934803,0.093747312,2.04E+04,2.65E+02,2.88E+03,2
Augmentum01,2025-08-23T14:34:00,Iterdlak,16,16,15,St16_15,60.48116667,-46.58583333,MW,3.78,31.136,107.2933523,-28.35515698,0.93,2.742,9.17,2114.783655,1972.197531,8.107511072,313.764111,0.619,0.665,1.378,0.046,0.301,0.698726458,-1.167901159,4.067901159,135.22,15.67,15.01,0.93,0.782439808,0.080816168,0.082651954,0.301052458,0.158891703,0.135306731,1.322146078,0.861524703,0.527787431,3.386849294,1.341084286,0.624509181,6.292544456,4.832850423,0.025082787,0.017421143,0.0159488,1.439790005,3.008101665,0.19394874,0.197381858,0.013755126,0.548736755,0.089445404,0.185905023,0.189195758,0.013184654,0.525978767,0.085735797,2.09E+04,6.96E+02,3.87E+03,2
Augmentum01,2025-08-23T14:34:00,Iterdlak,16,16,45,St16_45,60.48116667,-46.58583333,WGSW,2.12,32.045,105.020022,-23.76226391,0.42,2.96,0.51,2158.968952,2014.630372,8.120578437,304.9168491,1.7502,1.86,1.963,0.1098,0.385,0.100870261,-1.311088573,4.211088573,208.61,30.58,28.72,0.42,0.794809619,0.118117358,0.090583874,0.380298471,0.219535526,0.225279954,1.834067877,0.841474509,0.577271649,5.313677943,2.684431526,1.461643547,3.887719061,2.040284884,0.016842264,0.006884235,0.008759202,2.446497419,3.059196748,0.225568399,0.244945199,0.099931296,2.156670464,0.147642958,0.07846517,0.085205493,0.034761634,0.750209314,0.05135839,5.34E+04,4.03E+03,1.29E+04,3
Augmentum01,2025-08-24T08:06:00,Tunulluarfik,17,17,1,St17_1,61.1682,-45.23467,MW,0.92,21.952,105.2481759,-16.92523344,0.28,2.997,77.264,1681.217706,1664.913146,7.830724232,531.9356205,1.6273,1.741,11.085,0.1137,0.238,9.219386398,0.860565958,2.039434042,46.32,6.04,4.3,0.28,0.343301945,0.038038147,0,0.112293776,0.042130915,0.051683794,1.546779896,0.927670551,0.375184775,1.185671437,0.458440634,0.174098641,6.376717657,1.03856198,0.02668244,0.009376328,0.014393975,2.845723776,3.074247401,0.080570301,0.026137011,0.003663622,0,0.005001372,0.698350445,0.226544931,0.031754777,0,0.043349847,1.15E+05,1.36E+04,1.84E+05,1
Augmentum01,2025-08-24T08:06:00,Tunulluarfik,17,17,15,St17_15,61.1682,-45.23467,MW,0.32,29.227,105.3258336,-19.72453894,0.04,3.3,0.786,2027.175053,1916.861699,8.103013307,304.5969957,1.8515,2.054,2.897,0.2025,0.407,0.827290479,-1.474924029,4.374924029,89.86,11.92,9.87,0.04,0.956916732,0.006509685,0,0.18464908,0.094488921,0.10085685,1.724526822,0.988109114,0.511721593,2.010180999,0.863669195,0.439243226,5.142512119,1.458645402,0.022779775,0.013975832,0.01262966,1.629940524,2.686654107,0.134141569,0.092961542,0.00825654,0.039176503,0,0.488611671,0.338613114,0.030074509,0.142700707,0,7.93E+04,3.19E+03,2.13E+04,3
Augmentum01,2025-08-24T08:06:00,Tunulluarfik,17,17,45,St17_45,61.1682,-45.23467,MW,0.38,29.493,105.811888,-19.21972663,0.05,5.862,-0.001,2039.5847,1927.899879,8.100234811,306.962755,1.8578,2.055,2.869,0.1972,0.419,0.798673741,-1.661467103,4.561467103,82.87,10.7,8.65,0.05,0.600771035,0.041148998,0.004281415,0.225768297,0.115787668,0.100527043,1.649115673,0.967726207,0.512860617,2.945282433,1.434689109,0.840540787,3.659561859,1.077886472,0.017419308,0.006783678,0.007660622,2.567826353,4.268473757,0.161533326,0.111436522,0.002714637,0,0.010678323,0.564086261,0.389144535,0.009479713,0,0.037289491,1.92E+05,3.98E+03,6.97E+04,3
Augmentum01,2025-08-24T09:37:00,Tunulluarfik,18,18,1,St18_1,61.05698333,-45.44375,MW,4.46,18.137,104.7275756,-20.8975515,0.4,2.738,83.264,1494.492321,1518.164052,7.601868787,874.847161,0.0996,0.114,10.617,0.0144,0.04,10.39229418,2.37954425,0.52045575,56.01,4.94,4.83,0.4,0.91641753,0.043223294,0.038902699,0.183495443,0.095249053,0.087682436,1.97688893,0.874695448,0.519081298,2.290042391,0.99085452,0.538919626,4.969286328,5.864638976,0.025484765,0.017652169,0.013075713,1.443718627,4.910446191,0.125781921,0.106161245,0.000857026,0.064234975,0.041225753,0.371848812,0.313844251,0.002533624,0.189897712,0.1218756,2.75E+04,3.64E+03,1.44E+04,1
Augmentum01,2025-08-24T09:37:00,Tunulluarfik,18,18,15,St18_15,61.05698333,-45.44375,MW,0.3,29.322,106.3033014,-16.70234739,0.04,3.164,4.262,2029.981094,1918.919442,8.104119013,303.9045153,1.8513,2.052,2.879,0.2007,0.41,0.811531647,-1.523681575,4.423681575,72.48,9.21,7.16,0.04,0.724099037,0.047942821,0.043646373,0.264421039,0.147123853,0.124639523,1.484057712,0.904885237,0.556399952,2.599994309,0.926996494,0.427556574,8.393727462,53.43092314,0.026976909,0.024288021,0.017906485,1.110708384,4.308213528,0.163358891,0.177200074,0.031600553,0.106727979,0.045459168,0.311547496,0.337944505,0.060266529,0.203544689,0.086696781,6.37E+04,2.18E+03,3.01E+04,3
Augmentum01,2025-08-24T09:37:00,Tunulluarfik,18,18,45,St18_45,61.05698333,-45.44375,AW,1.44,31.76,103.0953072,-22.74231711,0.11,3.217,0.02,2148.491693,2008.269558,8.125108382,299.7622942,1.6964,1.835,1.945,0.1386,0.442,0.107748204,-2.229794059,5.129794059,109.25,14.8,12.97,0.11,0.800579479,0.04795682,0.052913251,0.286128655,0.161376759,0.141643852,1.683493023,0.894097829,0.564000691,4.754161028,2.756327805,2.017206624,2.630029728,1.565639061,0.013822468,0.002921251,0.003744588,4.73169462,5.226313405,0.179014862,0.197966235,0.030870784,0.118183024,0.056540462,0.307281894,0.339812232,0.052990198,0.202863064,0.097052613,2.67E+04,4.24E+02,4.70E+03,3
Augmentum01,2025-08-24T13:46:00,Tunulluarfik,19,19,1,St19_1,60.94516667,-45.75433333,MW,2.77,23.353,110.0001324,-10.64054835,0.47,6.078,78.739,1739.957053,1697.105064,7.912537846,449.7628797,0.3599,0.409,7.352,0.0491,0.099,6.843299062,1.741872908,1.158127092,67.45,5.33,4.92,0.47,0.737833017,0.073755208,0.032909461,0.198494604,0.094068219,0.084565079,1.188609445,0.85082316,0.473908194,2.311657514,1.023873518,0.633903958,4.17596138,1.591616932,0.022191352,0.010969435,0.008660944,2.023016845,4.115972093,0.12276577,0.107144417,0,0.197984322,0.049569576,0.257120428,0.224403093,0,0.414658041,0.103818438,3.84E+04,4.86E+03,2.16E+04,1
Augmentum01,2025-08-24T13:46:00,Tunulluarfik,19,19,15,St19_15,60.94516667,-45.75433333,MW,0.28,29.535,104.9094328,-35.44144007,0.06,3.07,1.997,2039.38666,1928.259322,8.100892188,307.3007491,1.8677,2.071,2.845,0.2033,0.379,0.75940338,-1.017697282,3.917697282,90.64,11.36,9.29,0.06,0.847692002,0.067767136,0.05266196,0.265431447,0.156372775,0.136673858,1.996563228,0.876317733,0.589126783,3.260550722,1.61523859,0.999996051,3.836709838,0.383147274,0.01899502,0.008605467,0.007731887,2.207320038,4.320373448,0.167734017,0.176832521,0.0136478,0.113339135,0.057517433,0.317035043,0.334232178,0.025795786,0.214222959,0.108714035,1.60E+05,6.37E+03,5.57E+04,3
Augmentum01,2025-08-24T13:46:00,Tunulluarfik,19,19,45,St19_45,60.94516667,-45.75433333,AW,1.86,31.849,101.5655787,-17.69319322,0.15,2.998,0.019,2153.052737,2012.778597,8.116774845,307.2065499,1.6855,1.795,2.152,0.1095,0.442,0.349668909,-2.268635388,5.168635388,263.26,39.38,37.58,0.15,0.683421667,0.079929407,0.058591954,0.306158205,0.164465201,0.130754304,1.524274527,0.877311031,0.537190244,3.809028564,1.930882846,1.278147978,3.414303375,1.222784268,0.018482975,0.005658778,0.005625484,3.266248646,1.737686734,0.18258223,0.20114716,0.007060752,0.135435721,0.062729614,0.310010242,0.341532031,0.0119886,0.229959185,0.106509942,1.73E+04,1.52E+02,2.81E+03,3
Augmentum01,2025-08-25T09:53:00,Tunulluarfik,20,20,1,St20_1,60.88233333,-46.04183333,MW,2.15,21.912,107.9655415,-5.321141179,0.98,2.22,86.718,1666.937778,1649.191857,7.821082624,544.4713747,1.1263,1.17,6.702,0.0437,0.071,5.458386042,2.933547564,-0.033547564,54.07,4.39,3.22,0.98,0.819459898,0.076072571,0.054463242,0.164651908,0.084393023,0.074057863,1.237357629,0.876756685,0.512554177,2.852352596,1.603352393,1.223114488,2.663439152,0.092232434,0.015722776,0.006307156,0.004409656,2.49284702,6.336114219,0.112389594,0.090303922,0.000874136,0.083673143,0.050441351,0.332826579,0.267422851,0.002588636,0.247786696,0.149375238,4.18E+04,1.66E+03,9.95E+03,1
Augmentum01,2025-08-25T09:53:00,Tunulluarfik,20,20,15,St20_15,60.88233333,-46.04183333,MW,0.68,29.723,107.140762,-28.99962984,0.26,3.037,5.513,2047.250785,1930.430799,8.108857868,302.3712957,1.6073,1.782,2.618,0.1747,0.36,0.820120159,-1.002437792,3.902437792,93.77,12.64,10.85,0.26,0.804606526,0.067060548,0.060808081,0.258952481,0.135319354,0.118467867,1.275149537,0.887755342,0.522564424,2.365829561,0.916584521,0.473891395,6.183948449,1.227209452,0.026075326,0.017214733,0.012633341,1.514709856,3.030118443,0.159823733,0.171585905,0.007767812,0.124921536,0.059329352,0.305340237,0.327811646,0.014840258,0.238660246,0.113347612,5.80E+04,1.75E+03,1.99E+04,3
Augmentum01,2025-08-25T09:53:00,Tunulluarfik,20,20,45,St20_45,60.88233333,-46.04183333,AW,1.76,31.765,102.4909933,-25.4299513,0.15,3.055,0.084,2148.119616,2010.322593,8.11311578,309.460634,2.232,2.361,2.289,0.129,0.471,-0.070525838,-2.169044608,5.069044608,138.96,18.63,16.27,0.15,0.640353781,0.063248776,0.06078705,0.281659151,0.160174207,0.135244578,1.608553074,0.876750902,0.568680996,2.626703442,0.957173143,0.409453338,7.826277905,4.913884731,0.02764022,0.021708648,0.018787394,1.273235443,2.270182505,0.172858939,0.195192775,0.009654432,0.096717497,0.061133457,0.322764724,0.364466787,0.018026895,0.180592316,0.114149279,2.79E+04,1.22E+03,4.33E+03,3
Augmentum01,2025-08-25T11:20:00,Tunulluarfik,21,21,1,St21_1,60.778,-46.3175,MW,2.83,24.665,114.0194895,-8.493413148,0.97,2.454,81.422,1796.507608,1735.523203,7.969100004,398.7298531,0.7014,0.781,4.605,0.0796,0.185,3.765427157,0.754376105,2.145623895,65.64,6.3,5.51,0.97,1.043584169,0.06443237,0.050812005,0.199147522,0.107059697,0.107884957,1.789228626,0.839296815,0.537589904,2.805534561,1.331299403,0.93360603,3.347120644,1.115713271,0.0208592,0.00822226,0.005352238,2.536918131,5.133091798,0.125241532,0.13861698,0.020338123,0.341148,0.064154361,0.181641356,0.201040148,0.029496958,0.494776645,0.093044894,2.28E+04,9.63E+02,9.33E+03,1
Augmentum01,2025-08-25T11:20:00,Tunulluarfik,21,21,15,St21_15,60.778,-46.3175,MW,0.96,30.275,106.8601715,-49.11818108,0.84,2.798,7.067,2072.994571,1948.812102,8.116506725,299.3487126,1.501,1.672,2.04,0.171,0.332,0.360862559,-0.669401402,3.569401402,119.36,9.29,7.62,0.84,0.981828322,0.102774702,0.094072933,0.281807255,0.156712107,0.199600711,1.39246095,0.805297101,0.55609678,3.420439882,1.527510518,0.931925601,4.241217799,1.829887539,0.020835055,0.010165318,0.007912969,2.049621436,3.441590771,0.169629185,0.189223948,0.033698604,0.126611463,0.095962079,0.275763638,0.307618553,0.054783318,0.205830369,0.156004122,5.64E+04,8.48E+03,3.88E+04,3
Augmentum01,2025-08-25T11:20:00,Tunulluarfik,21,21,45,St21_45,60.778,-46.3175,WGSW,2.68,31.513,103.9790242,-24.15047303,0.35,2.993,0.155,2135.25518,1993.769421,8.113411798,308.9155677,1.0813,1.157,1.611,0.0757,0.387,0.444787401,-2.032829431,4.932829431,125.91,14.59,13.44,0.35,0.730792621,0.077023338,0.0600332,0.288880039,0.158507381,0.215515805,1.848750124,0.868730365,0.548696203,3.303653063,1.628845398,1.007571191,3.307540714,1.298136788,0.020185047,0.008318796,0.007561153,2.426438604,3.151220979,0.16356461,0.188991076,0.057543953,0.165644209,0.068280264,0.253972805,0.293453417,0.089350618,0.257201875,0.106021285,1.56E+04,2.15E+02,2.28E+03,3
Augmentum01,2025-08-25T14:43:00,Tunulluarfik,22,22,1,St22_1,60.66683333,-46.72233333,MW,6.47,26.54,111.7108419,-13.28254333,0.76,2.529,87.774,1889.045073,1797.559711,7.995606033,392.1412366,0.1033,0.122,2.838,0.0187,0.092,2.670689411,1.572521832,1.327478168,65.97,4.66,4.54,0.76,0.943984329,0.060777121,0.03790282,0.172108698,0.083189948,0.07549208,1.754178524,0.831583144,0.483357025,2.646658924,1.274014277,0.801933495,3.916746767,1.577606097,0.021326667,0.011574208,0.008383587,1.842602642,4.818594316,0.116692493,0.094985933,0,0.049764406,0.049575309,0.375195133,0.305403192,0,0.160004834,0.159396841,2.86E+04,6.82E+02,5.59E+03,2
Augmentum01,2025-08-25T14:43:00,Tunulluarfik,22,22,15,St22_15,60.66683333,-46.72233333,MW,4.08,30.886,106.8637314,-37.02223733,0.77,2.606,8.527,2103.881646,1961.53948,8.106762163,313.640048,0.2576,0.293,1.045,0.0354,0.264,0.737081885,-0.953017138,3.853017138,NA,NA,,0.77,0.859419151,0.05347338,0.064752574,0.287706458,0.154427636,0.120188874,1.569523427,0.871208918,0.53675415,2.694396743,0.959371495,0.36378969,8.531763418,-0.526998548,0.029743074,0.02197183,0.022309745,1.353691219,,0.176209972,0.181483244,0.00063107,0.104712195,0.065664566,0.333288487,0.343262502,0.001193624,0.198055585,0.124199802,2.03E+04,2.14E+02,2.35E+03,2
Augmentum01,2025-08-25T14:43:00,Tunulluarfik,22,22,45,St22_45,60.66683333,-46.72233333,WGSW,2.08,31.896,102.239631,-22.24156651,0.26,2.981,0.459,2153.667797,2012.757071,8.114258993,309.4327051,1.6456,1.734,2.195,0.0884,0.449,0.451517574,-2.437897565,5.337897565,95.43,10.97,9.23,0.26,0.664709455,0.054754175,0.062888542,0.279090637,0.14852906,0.117947578,1.701131368,0.88242354,0.532189334,2.710884444,1.064262413,0.439372391,7.600978246,11.32416624,0.026142895,0.017977591,0.016785797,1.454193449,3.411567116,0.180062837,0.180756821,0.001388949,0.069057816,0.060949932,0.365820509,0.367230425,0.002821826,0.140299718,0.123827523,1.71E+04,1.44E+02,2.42E+03,3
