Cruise,Date,Area,StationID,CTD,Depth,ID_sample,Latitude,Longitude,Pot_temperature,Salinity,Fluorescence_Chla,Fluoresence_fDOM,PAR,NO3,NO3_NO2,SiO2,NO2 ,PO4,DOC,TDN,DON,Chla_ugL,BIX,b,t,a,m,c,FI,HIX,B_A,a254,a300,a350,E2_E3 ,E4_E6,S275_295,S350_400,S300_700,SR ,SUVA254,PARAFAC1,PARAFAC2,PARAFAC3,PARAFAC4,r_parafac1,r_parafac2,r_parafac3,r_parafac4
Augmentum01,2025-08-16T08:52:00,Sermilik,1,1,1,St1_1,65.93,-37.80258333,0.02,22.941,0.43,1.99,86.82,0.106,0.12,2.644,0.014,0.039,67.04,5.63,5.51,0.43,0.93518172,0.076783538,0.053946089,0.1411843,0.067754295,0.060167208,1.659734695,0.780819425,0.47989964,1.937651392,0.741825275,0.38937893,5.568090215,16.95348563,0.027915901,0.020419396,0.014204273,1.367126692,3.47101474,0.117619628,0.025389746,0.060443385,0.085479847,0.407083263,0.087874284,0.209195445,0.295847008
Augmentum01,2025-08-16T08:52:00,Sermilik,1,1,15,St1_15,65.93,-37.80258333,2.22,30.237,0.69,2.958,10.768,0.2106,0.228,0.599,0.0174,0.245,82.94,5.65,5.43,0.69,0.733218932,0.07588655,0.070166797,0.290580563,0.145145362,0.115869151,1.284665315,0.860335761,0.499501276,2.813779006,0.97749954,0.407366521,8.986317967,3.473775907,0.028875669,0.025504954,0.019740929,1.132159202,4.074462039,0.25588798,0.051088698,0.081506538,0.108798544,0.514573428,0.102735918,0.163904138,0.218786517
Augmentum01,2025-08-16T08:52:00,Sermilik,1,1,45,St1_45,65.93,-37.80258333,0.26,31.841,0.13,2.72,0.597,7.1389,7.216,6.547,0.0771,0.638,136.37,22.23,15.01,0.13,0.73026049,0.102187088,0.069320642,0.237430756,0.135096414,0.106085142,1.563487897,0.810590375,0.568992898,2.805161082,1.271332691,0.74436161,2.756634433,2.233704408,0.021513376,0.014518419,0.010364838,1.481798828,2.470470695,0.215642068,0.050892889,0.078546274,0.099891293,0.484618839,0.114373105,0.17651938,0.224488677
Augmentum01,2025-08-16T14:35:00,Sermilik,2,2,1,St2_1,65.84783333,-37.90266667,0.06,24.38,0.32,1.962,78.001,0.0922,0.104,4.114,0.0118,0.026,73.68,10.25,10.15,0.32,0.709954816,0.038751076,0,0.102569922,0.041412809,0.057583624,1.816794274,0.932478658,0.403751979,1.54690676,0.774696749,0.251240494,5.218474113,0.760068974,0.021408699,0.009576635,0.016383045,2.235513873,2.521408564,0.063836161,0.039186761,0.211972261,0.060971628,0.169792011,0.104229309,0.56380578,0.1621729
Augmentum01,2025-08-16T14:35:00,Sermilik,2,2,15,St2_15,65.84783333,-37.90266667,2.05,30.142,0.89,2.725,8.347,0.1269,0.142,0.539,0.0151,0.202,119.68,15.21,15.07,0.89,0.992117354,0.028600505,0.018703885,0.284158021,0.185836868,0.219030048,1.826921755,0.960529379,0.65399128,3.328951163,1.730757143,0.898642864,4.01333593,1.267742692,0.018842799,0.006329103,0.008372265,2.977167657,3.340741096,0.239154814,0.149045759,0.233729344,0.129738782,0.318165189,0.198286505,0.310947289,0.172601017
Augmentum01,2025-08-16T14:35:00,Sermilik,2,2,45,St2_45,65.84783333,-37.90266667,0.24,31.645,0.21,2.874,0.35,5.2008,5.279,5.175,0.0782,0.549,121.37,20.04,14.77,0.21,0.738001555,0.015894929,0,0.236896977,0.165724267,0.127698019,1.231408083,0.988333383,0.699562609,2.310428914,0.917504735,0.360529394,3.258798115,0.926041063,0.02311435,0,0.01451615,NA,2.286239485,0.200626048,0.065532156,0.113647138,0.071387862,0.444656627,0.145241895,0.251881316,0.158220162
Augmentum01,2025-08-17T08:34:00,Sermilik,3,3,1,St3_1,65.79116667,-37.9415,1.58,24.499,0.27,2.113,85.029,0.1031,0.118,2.647,0.0149,0.071,50.93,3.41,3.29,0.27,0.618614901,0,0,0.089665531,0.035952324,0.040973683,0.601039369,0.997954392,0.400960361,3.626197756,1.896059053,1.378782262,2.332960778,1.247237463,0.012161141,0.004242417,0.004441571,2.866559836,8.55056418,0.047144014,0.026342953,0.154057264,0.047556047,0.171370288,0.095757639,0.560004029,0.172868044
Augmentum01,2025-08-17T08:34:00,Sermilik,3,3,15,St3_15,65.79116667,-37.9415,3.01,30.057,0.51,2.783,25.307,0.1621,0.181,0.58,0.0189,0.263,78.78,5.32,5.14,0.51,0.623426044,0.02636842,0.023168018,0.307177559,0.146471336,0.124052325,1.353717933,0.958374527,0.476829548,3.163569268,1.222694954,0.473438426,7.600708518,1.156063452,0.025791111,0.018315567,0.018047887,1.408152488,4.823066983,0.245459002,0.063226976,0.177888778,0.098075362,0.419839139,0.108144981,0.304265359,0.167750521
Augmentum01,2025-08-17T08:34:00,Sermilik,3,3,45,St3_45,65.79116667,-37.9415,0.71,31.318,0.28,2.917,1.479,3.6139,3.681,3.855,0.0671,0.472,106.89,11.45,7.76,0.28,0.671341738,0.022432865,0.009430113,0.277691592,0.145871747,0.124716173,1.60084728,0.975086813,0.525301274,3.392294446,1.621247251,0.884762647,4.064538543,1.194191267,0.021596709,0.006656427,0.008345521,3.244489849,3.811398353,0.226796779,0.06658427,0.111218781,0.085481558,0.462773704,0.135863699,0.22693941,0.174423188
Augmentum01,2025-08-17T09:57:00,Sermilik,4,4,1,St4_1,65.757,-37.97616667,1.01,25.155,0.28,3.077,90.08,0.1126,0.128,2.275,0.0154,0.078,54.28,3.03,2.91,0.28,0.808447271,0.037289668,0.017997594,0.142913455,0.07257024,0.087180551,1.564783322,0.936274921,0.507791518,1.939179348,0.755602198,0.305044338,6.009655885,0.659550325,0.025705025,0.016066235,0.015377931,1.599940805,4.290736636,0.110732818,0.039913591,0.054625868,0.173104914,0.292651937,0.10548625,0.144368818,0.457492994
Augmentum01,2025-08-17T09:57:00,Sermilik,4,4,15,St4_15,65.757,-37.97616667,2.56,29.788,0.35,2.756,14.434,0.1183,0.137,0.534,0.0187,0.232,91.35,4.47,4.33,0.35,0.719401307,0.015440663,0.010547127,0.197983939,0.091305884,0.083521633,1.851363202,0.973138497,0.461178235,2.482457776,1.035559934,0.437585253,4.99770241,1.720392567,0.024136707,0.010934934,0.013517543,2.207302586,3.263753275,0.150304499,0.045059162,0.050219303,0.061483648,0.489484995,0.146740675,0.163545306,0.200229024
Augmentum01,2025-08-17T09:57:00,Sermilik,4,4,45,St4_45,65.757,-37.97616667,0.29,31.234,0.28,2.861,0.557,3.6893,3.752,3.988,0.0627,0.469,62.63,7.17,3.42,0.28,0.680113913,0.026152584,0.014986422,0.250062919,0.127587407,0.122027911,1.543286545,0.962455209,0.510221215,2.366455183,1.061853272,0.569725862,4.22764902,0.992289512,0.022342885,0.008302877,0.00858386,2.690981024,4.538083854,0.196108714,0.060613443,0.021953774,0.06186526,0.575873695,0.177991516,0.064467308,0.18166748
Augmentum01,2025-08-18T09:21:00,Sermilik,5,5,1,St5_1,65.6995,-38.01516667,4.85,29.226,0.27,2.618,83.046,0.112,0.131,0.789,0.019,0.278,86.16,6.42,6.29,0.27,0.516784777,0.082681904,0.043443066,0.455639998,0.248968107,0.748067775,2.584763655,0.911687233,0.546414072,4.375914506,2.52712379,2.022283078,2.706655983,0.848139463,0.014065665,0.011990014,0.004553067,1.17311495,6.099841454,0.226375391,0.585821037,0.533589282,0.337732553,0.134465658,0.347974269,0.316948912,0.200611161
Augmentum01,2025-08-18T09:21:00,Sermilik,5,5,15,St5_15,65.6995,-38.01516667,4.2,29.713,0.27,2.415,9.238,0.0824,0.093,0.72,0.0106,0.29,NA,NA,,0.27,0.767867354,0.046368395,0.021873836,0.267234096,0.128419018,0.114781163,1.325714622,0.96484386,0.480548776,3.331820887,1.280240989,0.602662945,6.534758677,1.739260878,0.024946517,0.008739761,0.011665687,2.854370503,,0.210994824,0.081058355,0.098824099,0.136028353,0.400441391,0.153838468,0.187555595,0.258164546
Augmentum01,2025-08-18T09:21:00,Sermilik,5,5,45,St5_45,65.6995,-38.01516667,2.16,31.183,0.27,2.932,0.447,0.4661,0.504,0.816,0.0379,0.354,157.7,19.59,19.09,0.27,0.651805565,0.054597498,0.029461242,0.354264816,0.195887975,0.14821395,1.328303035,0.954307162,0.552942224,5.056635784,2.628046658,1.557684526,3.459722883,1.407108578,0.01696486,0.006241747,0.007278995,2.717966751,3.851111581,0.304791729,0.075080211,0.157228557,0.125283937,0.460143254,0.113348393,0.23736753,0.189140823
Augmentum01,2025-08-18T10:48:00,Sermilik,6,6,1,St6_1,65.64083333,-38.03216667,5.11,29.289,0.3,2.604,93.016,0.0937,0.112,0.739,0.0183,0.267,86.07,6.32,6.21,0.3,0.554678225,0.04755448,0.028445273,0.375398772,0.151398663,0.21017159,2.233256632,0.952005564,0.403300902,3.564943941,1.559336605,1.004817564,3.901973956,1.415383684,0.022698287,0.01693217,0.008928577,1.340542154,4.97453762,0.2075644,0.215954862,0.326638201,0.182701796,0.222503446,0.231497796,0.350147354,0.195851404
Augmentum01,2025-08-18T10:48:00,Sermilik,6,6,15,St6_15,65.64083333,-38.03216667,4.21,29.835,0.46,2.629,30.052,0.1383,0.157,0.573,0.0187,0.312,84.96,5.82,5.67,0.46,0.567687752,0.033742138,0.013669376,0.338295809,0.165744766,0.175723966,1.575717339,0.962546818,0.489940348,6.573933425,3.399046141,2.358173176,2.978534548,1.014434559,0.016596459,0.003904303,0.004616835,4.250811694,9.293266908,0.2477155,0.115411394,0.118211909,0.192452537,0.367644232,0.17128655,0.175442903,0.285626314
Augmentum01,2025-08-18T10:48:00,Sermilik,6,6,45,St6_45,65.64083333,-38.03216667,2.57,31.127,0.4,2.969,1.985,0.2521,0.276,0.67,0.0239,0.339,102.97,8.5,8.22,0.4,0.808637258,0.059072082,0.058518808,0.33078571,0.1622292,0.136146632,1.569397522,0.90653702,0.490435937,6.573933425,3.399046069,2.358173245,2.978534656,1.014434571,0.016596458,0.003904304,0.004616835,4.250810555,7.667342727,0.268777728,0.069625742,0.239450154,0.096964757,0.398296394,0.103177009,0.354836443,0.143690154
Augmentum01,2025-08-18T14:42:00,Sermilik,7,7,1,St7_1,65.54883333,-38.07933333,5.22,29.323,0.17,2.626,93.407,0.1209,0.137,0.677,0.0161,0.267,187.47,24.91,24.77,0.17,0.611653055,0.030967141,0.010403482,0.271667775,0.110879361,0.124651091,1.43405257,0.967973262,0.408143223,3.19130098,1.281962371,0.617304113,5.721390115,0.754340211,0.024141225,0.013354625,0.012095549,1.807705213,2.044461768,0.191952149,0.06034141,0.109195777,0.106364616,0.410282201,0.128974886,0.233397146,0.227345768
Augmentum01,2025-08-18T14:42:00,Sermilik,7,7,15,St7_15,65.54883333,-38.07933333,3.92,29.997,0.24,2.786,29.548,0.0832,0.097,0.597,0.0138,0.294,NA ,NA,,0.24,0.762005039,0.041464917,0.014007636,0.305205273,0.140675251,0.112064858,1.22082675,0.958254158,0.460920119,3.252780556,1.197245155,0.440860358,7.567145047,0.997290421,0.026260928,0.016398754,0.016688179,1.601397726,,0.236149467,0.056620152,0.077812096,0.081853934,0.521951503,0.125145205,0.171984891,0.180918401
Augmentum01,2025-08-18T14:42:00,Sermilik,7,7,45,St7_45,65.54883333,-38.07933333,1.45,31.452,0.32,3.236,1.822,0.7177,0.766,1.091,0.0483,0.385,75.58,4.61,3.84,0.32,0.709819347,0.046963351,0.009138583,0.348033551,0.165585323,0.141443622,1.3762664,0.956715228,0.475774024,3.485988109,1.360790916,0.549592782,6.710538201,0.86728692,0.026736715,0.010325123,0.014556936,2.589481492,5.539391001,0.275562901,0.075833654,0.089455243,0.100486897,0.509039726,0.140085412,0.165248196,0.185626666
Augmentum01,2025-08-18T16:37:00,Sermilik,8,8,1,St8_1,65.40166667,-38.074,5,31.255,0.3,2.731,80.402,0.1027,0.12,0.433,0.0173,0.289,77.96,5.28,5.16,0.3,0.800340474,0.032489118,0.018403801,0.291327688,0.123399033,0.109096868,1.577389663,0.973788734,0.423574683,3.285466136,1.141974385,0.413893486,8.558575793,0.599136083,0.028956113,0.018905015,0.019840596,1.531663022,5.061370997,0.223668184,0.058013269,0.09209764,0.090646342,0.481601926,0.124914065,0.198304471,0.195179538
Augmentum01,2025-08-18T16:37:00,Sermilik,8,8,15,St8_15,65.40166667,-38.074,3.69,31.72,0.47,2.824,11.752,0.093,0.107,0.458,0.014,0.288,74.04,4.25,4.14,0.47,0.592614688,0.015383722,0.004992126,0.284260254,0.1468966,0.13366282,1.33529731,0.980533868,0.51676799,3.352903137,1.425144483,0.699948764,5.216982539,0.792580217,0.023045273,0.009037822,0.010750842,2.5498701,5.438731318,0.237504799,0.061225801,0.025554462,0.064795579,0.610425639,0.157360183,0.065679089,0.166535089
Augmentum01,2025-08-18T16:37:00,Sermilik,8,8,45,St8_45,65.40166667,-38.074,0.88,32.89,0.51,4.588,0.405,2.5714,2.677,2.83,0.1056,0.505,70.51,7.05,4.37,0.51,0.818536074,0.021453463,0,0.346984805,0.174321867,0.142374146,1.280341607,0.991056505,0.502390493,2.980050392,1.186071191,0.403350299,6.880429758,1.502146849,0.025531103,0.01309825,0.018002386,1.949199526,5.07593323,0.268206905,0.081747454,0.080155855,0.061898864,0.545125928,0.166150296,0.162915398,0.125808378
Augmentum01,2025-08-21T08:54:00,Iterdlak,9,9,1,St9_1,60.91283333,-45.31216667,3.22,27.091,0.1,7.395,51.552,0.4537,0.536,2.301,0.0823,0.263,215.99,31.93,31.4,0.1,0.363265434,0.250699331,0.084597774,0.959617954,0.626866979,2.154940103,2.937828432,0.887415937,0.653246406,9.759804256,7.660443676,6.49400831,1.355246287,1.162612555,0.003913249,0.000406667,0.001971462,9.622745411,5.426779073,0.229865554,2.338909611,3.34861256,1.566831345,0.030713365,0.312512179,0.447423108,0.209351347
Augmentum01,2025-08-21T09:48:00,Iterdlak,10,10,1,St10_1,60.85115,-45.4803,3.68,30.718,0.37,4.606,77.795,0.2355,0.292,0.938,0.0565,0.251,110.41,12.86,12.57,0.37,0.437735088,0.361464893,0.139067269,1.064520871,0.482035384,1.516304028,2.503144291,0.849317279,0.452819101,9.136455803,6.831933303,5.625755734,1.699366167,1.252890377,0.002482248,0.002757089,0.002360637,0.900314966,9.938452672,0.234896951,1.955471413,2.537486503,1.472831876,0.037882409,0.315363684,0.409226689,0.237527219
Augmentum01,2025-08-21T09:48:00,Iterdlak,10,10,15,St10_15,60.85115,-45.4803,3.46,31.193,0.38,3.207,0.472,0.2323,0.284,0.869,0.0517,0.265,193.19,27.13,26.84,0.38,0.779094738,0.048677514,0.020711542,0.325258358,0.180915091,0.259410143,1.685407255,0.94857157,0.556219652,4.379378169,2.622347946,2.204441613,2.641324345,1.080502241,0.022090583,0.014585173,0.005310481,1.514591731,2.722507137,0.248614185,0.170644082,0.437181412,0.173123824,0.241475328,0.165744106,0.424627923,0.168152643
Augmentum01,2025-08-21T09:48:00,Iterdlak,10,10,45,St10_45,60.85115,-45.4803,1.83,32.132,0.12,3.26,0.008,0.929,1.093,1.5,0.164,0.396,123.13,16.8,15.71,0.12,0.604644281,0.036074769,0.00788422,0.287116506,0.132142937,0.162385933,1.933349629,0.977897215,0.460241521,3.00122094,1.381922419,1.08641483,3.95089454,0.45188383,0.018203735,0.017722489,0.008372868,1.027154498,2.927413236,0.200705172,0.106158038,0.112848257,0.115466001,0.375025452,0.19836044,0.210861375,0.215752732
Augmentum01,2025-08-21T13:38:00,Iterdlak,11,11,1,St11_1,60.74883333,-45.6755,5.5,30.512,1.04,3.209,80.657,0.1308,0.153,0.541,0.0222,0.145,87.02,7.17,7.01,1.04,0.728803936,0.055501036,0.027247026,0.394392648,0.141527574,0.233360128,2.077461627,0.935816045,0.358849423,5.083177605,2.216832,1.343919102,3.827775342,0.731587563,0.019761344,0.00781082,0.007317128,2.52999625,7.015458241,0.234538746,0.183232665,0.443517202,0.303825066,0.201301169,0.157265912,0.380664316,0.260768603
Augmentum01,2025-08-21T13:38:00,Iterdlak,11,11,15,St11_15,60.74883333,-45.6755,4.12,31.152,0.9,3.089,4.573,0.168,0.197,0.659,0.029,0.206,,,,0.9,0.790978918,0.036336332,0.024687492,0.284151646,0.151326914,0.18678842,2.019569747,0.949544207,0.532556881,3.330809627,1.639039286,1.025440957,3.58746138,1.392482281,0.01917253,0.010468285,0.007003738,1.8314873,,0.197607993,0.172904847,0.155696971,0.128632709,0.301764145,0.264040348,0.237762464,0.196433043
Augmentum01,2025-08-21T13:38:00,Iterdlak,11,11,45,St11_45,60.74883333,-45.6755,1.95,31.982,0.13,3.269,0.163,1.0722,1.23,1.576,0.1578,0.405,98.02,10.37,9.14,0.13,0.638563887,0.032469556,0,0.206249544,0.100069059,0.15092178,2.246658499,0.986108352,0.485184388,2.154201549,1.155886486,0.53344029,4.204084383,1.474623218,0.020540711,0.013945835,0.013497844,1.472892178,2.639386792,0.143374728,0.134725624,0.12797859,0.095276551,0.285974184,0.268722744,0.25526516,0.190037912
Augmentum01,2025-08-22T07:53:00,Iterdlak,12,12,1,St12_1,60.70316667,-45.91066667,5.17,30.285,1.13,3.026,83.759,0.1767,0.214,0.734,0.0373,0.178,86.18,8.54,8.33,1.13,0.688253732,0.113584077,0.095104643,0.297441064,0.163516465,0.141327686,1.315286086,0.827919627,0.549744081,3.13745139,1.286630704,0.661105624,6.203189961,11453.10354,0.022586219,0.017275885,0.014130072,1.307384141,4.372212829,0.256171403,0.075251509,0.11013383,0.136179848,0.443405191,0.130252282,0.190629834,0.235712694
Augmentum01,2025-08-22T07:53:00,Iterdlak,12,12,15,St12_15,60.70316667,-45.91066667,5.14,30.304,1.18,3.03,4.758,0.1463,0.171,0.706,0.0247,0.169,88.71,8.88,8.71,1.18,0.850875196,0.089892208,0.067344816,0.260421138,0.136995113,0.120566144,1.233135067,0.839144434,0.526052202,2.539399746,0.999838462,0.414630486,7.85478353,21.82781911,0.025231681,0.017633662,0.0183058,1.430881473,3.437817832,0.220606982,0.058582257,0.119262373,0.132297777,0.415651881,0.110376494,0.224705625,0.249266
Augmentum01,2025-08-22T07:53:00,Iterdlak,12,12,45,St12_45,60.70316667,-45.91066667,2.16,31.908,0.29,3.095,0.046,1.5862,1.699,2.141,0.1128,0.444,153.63,18.6,16.9,0.29,0.798067964,0.13130547,0.075923284,0.327379788,0.166344314,0.17764817,1.471423688,0.82207681,0.508108074,6.398019421,3.615966564,2.609547191,2.814825565,1.518970458,0.013188206,0.005833354,0.005372427,2.260827197,5.00163708,0.280237123,0.081426084,0.094155569,0.157721818,0.456754004,0.132715072,0.153462656,0.257068268
Augmentum01,2025-08-22T09:11:00,Iterdlak,13,13,1,St13_1,60.694,-46.11233333,6.36,29.467,1.08,2.902,84.141,0.118,0.142,0.717,0.024,0.119,77.68,5.85,5.71,1.08,0.685066029,0.063260698,0.070215293,0.30101601,0.15785436,0.12656459,1.202322844,0.880789019,0.524405198,3.957426246,1.789305323,0.900585122,5.381774938,3.144516384,0.02122043,0.01201551,0.01250676,1.766086496,6.118729626,0.252747273,0.067548556,0.102182317,0.120718899,0.465295744,0.124353688,0.1881128,0.222237768
Augmentum01,2025-08-22T09:11:00,Iterdlak,13,13,15,St13_15,60.694,-46.11233333,5.32,30.447,1.31,2.843,5.814,0.1154,0.134,0.716,0.0186,0.207,75.95,5.48,5.35,1.31,0.924251502,0.056876274,0.066860016,0.307304234,0.153706931,0.128701556,1.222161418,0.882995544,0.500178369,3.065641072,1.286176348,0.496261196,8.104507338,24.00845522,0.034530486,0.019745693,0.022980118,1.748760376,4.84763294,0.26122309,0.063642212,0.100413168,0.098940835,0.498308795,0.121403793,0.191548016,0.188739396
Augmentum01,2025-08-22T09:11:00,Iterdlak,13,13,45,St13_45,60.694,-46.11233333,2.7,31.648,0.55,2.954,0.188,0.9155,0.973,1.476,0.0575,0.373,87.3,8.79,7.82,0.55,0.69574225,0.059122232,0.061344029,0.305288002,0.157216706,0.127537127,1.47195244,0.883052732,0.514978332,2.839743889,1.124714974,0.570800915,6.782506651,1.458050875,0.023506485,0.017565925,0.012934195,1.338186585,3.906751916,0.256378861,0.062180917,0.1355015,0.112472878,0.452539107,0.109756696,0.239176224,0.198527974
Augmentum01,2025-08-22T13:21:00,Iterdlak,14,14,1,St14_1,60.64383333,-46.25516667,6.48,29.589,0.31,2.897,85.922,0.121,0.137,0.702,0.016,0.104,70.4,6.1,5.96,0.31,0.532687831,0.13275526,0.08692328,0.439038265,0.32123322,0.782272432,2.556372143,0.844685979,0.731674766,6.754117115,3.614678371,2.541821343,1.869380461,1.274632546,0.022000601,0.004337798,0.00459814,5.071836091,11.52160878,0.272443601,0.491110522,2.156565753,1.16799358,0.066642867,0.120131334,0.527521013,0.285704786
Augmentum01,2025-08-22T13:21:00,Iterdlak,14,14,15,St14_15,60.64383333,-46.25516667,4.86,30.622,0.97,2.458,9.285,0.1394,0.163,0.958,0.0236,0.213,82.23,6.33,6.16,0.97,0.764299796,0.065060103,0.072083714,0.278426881,0.152211095,0.139680732,1.438059967,0.858148367,0.546682468,4.11228911,1.868581387,1.156026221,3.589184003,1.456705421,0.015460545,0.0068141,0.007243389,2.268904972,6.006265603,0.249185909,0.075955766,0.472231335,0.33345709,0.220356629,0.06716815,0.417597069,0.294878152
Augmentum01,2025-08-22T13:21:00,Iterdlak,14,14,45,St14_45,60.64383333,-46.25516667,2.45,31.802,0.63,2.963,0.441,1.2958,1.386,1.613,0.0902,0.378,NA,NA,,0.63,0.782384426,0.286843937,0.166787869,0.648313761,0.414944821,0.640574593,2.298530627,0.79367426,0.64003704,10.19262423,6.220166653,3.982913444,2.791566362,1.811522305,0.011992208,0.006855629,0.00672251,1.749249898,,0.504347923,0.562357809,6.025997222,4.731197369,0.042654954,0.047561109,0.509645469,0.400138469
Augmentum01,2025-08-23T10:33:00,Iterdlak,15,15,1,St15_1,60.16865,-47.26515,4.02,33.061,0.44,2.707,94.127,8.0655,8.249,3.828,0.1835,0.638,71.49,8.53,0.28,0.44,0.753960456,0.071983457,0.063535504,0.262755604,0.153582574,0.148801186,1.750718098,0.867278706,0.584507319,3.249432373,1.378219928,0.848873971,4.747577443,1.773568682,0.021821792,0.015321667,0.010121581,1.424243933,5.458744389,0.216765261,0.116581467,0.479875829,0.319815121,0.191313374,0.102892842,0.423530336,0.282263447
Augmentum01,2025-08-23T10:33:00,Iterdlak,15,15,15,St15_15,60.16865,-47.26515,5.36,34.016,0.76,2.409,13.744,5.3958,5.534,2.804,0.1382,0.501,75.79,12.23,6.69,0.76,0.720353255,0.108618847,0.076653059,0.256950234,0.159196667,0.162764087,1.545910885,0.817037462,0.619562255,3.825119371,1.867699866,1.206762665,3.75787093,3.350310555,0.019591702,0.012257884,0.008715257,1.598293881,6.061514217,0.217841358,0.100048437,1.563087086,0.872179307,0.079124228,0.036339543,0.567743702,0.316792527
Augmentum01,2025-08-23T10:33:00,Iterdlak,15,15,45,St15_45,60.16865,-47.26515,5.67,34.461,0.36,2.29,1.106,3.4032,3.525,2.597,0.1218,0.444,74.23,14.23,10.7,0.36,0.741253714,0.13020401,0.076781238,0.260853639,0.165610325,0.190662718,2.056826131,0.795698024,0.634878338,4.380631624,2.228502996,1.30468477,3.800368539,2.0341108,0.018441962,0.008579484,0.008823142,2.149542157,7.087765468,0.208574153,0.129214146,3.146625806,1.622450611,0.040841919,0.02530205,0.616156092,0.317699939
Augmentum01,2025-08-23T14:34:00,Iterdlak,16,16,1,St16_1,60.48116667,-46.58583333,6.04,29.953,0.51,2.293,86.221,0.3376,0.374,1.108,0.0364,0.275,105.27,10.13,9.76,0.51,0.810621031,0.067307328,0.065310806,0.249871465,0.134250886,0.120077931,1.70461972,0.863685141,0.537279783,3.108506362,1.248093458,0.574449143,6.019801808,2.952507059,0.025841057,0.009085268,0.012171794,2.844281187,3.546376146,0.209971957,0.056326307,0.375205855,0.253305387,0.234655483,0.062947819,0.419313667,0.283083031
Augmentum01,2025-08-23T14:34:00,Iterdlak,16,16,15,St16_15,60.48116667,-46.58583333,3.78,31.136,0.93,2.742,9.17,0.619,0.665,1.378,0.046,0.301,135.22,15.67,15.01,0.93,0.782439808,0.080816168,0.082651954,0.301052458,0.158891703,0.135306731,1.322146078,0.861524703,0.527787431,3.386849294,1.341084286,0.624509181,6.292544456,4.832850423,0.025082787,0.017421143,0.0159488,1.439790005,3.008101665,0.264034279,0.069467873,0.510813995,0.310673832,0.228603091,0.060145866,0.442267036,0.268984006
Augmentum01,2025-08-23T14:34:00,Iterdlak,16,16,45,St16_45,60.48116667,-46.58583333,2.12,32.045,0.42,2.96,0.51,1.7502,1.86,1.963,0.1098,0.385,208.61,30.58,28.72,0.42,0.794809619,0.118117358,0.090583874,0.380298471,0.219535526,0.225279954,1.834067877,0.841474509,0.577271649,5.313677943,2.684431526,1.461643547,3.887719061,2.040284884,0.016842264,0.006884235,0.008759202,2.446497419,3.059196748,0.329086602,0.140014075,2.012773385,1.080268029,0.092384468,0.039306145,0.565045788,0.303263599
Augmentum01,2025-08-24T08:06:00,Tunulluarfik,17,17,1,St17_1,61.1682,-45.23467,0.92,21.952,0.28,2.997,77.264,1.6273,1.741,11.085,0.1137,0.238,46.32,6.04,4.3,0.28,0.343301945,0.038038147,0,0.112293776,0.042130915,0.051683794,1.546779896,0.927670551,0.375184775,1.185671437,0.458440634,0.174098641,6.376717657,1.03856198,0.02668244,0.009376328,0.014393975,2.845723776,3.074247401,0.061831753,0.032430373,0.031748208,0.042414602,0.367117569,0.1925509,0.188500639,0.251830893
Augmentum01,2025-08-24T08:06:00,Tunulluarfik,17,17,15,St17_15,61.1682,-45.23467,0.32,29.227,0.04,3.3,0.786,1.8515,2.054,2.897,0.2025,0.407,89.86,11.92,9.87,0.04,0.956916732,0.006509685,0,0.18464908,0.094488921,0.10085685,1.724526822,0.988109114,0.511721593,2.010180999,0.863669195,0.439243226,5.142512119,1.458645402,0.022779775,0.013975832,0.01262966,1.629940524,2.686654107,0.138575411,0.054794653,0.063054187,0.047820899,0.455472868,0.180100334,0.207247961,0.157178838
Augmentum01,2025-08-24T08:06:00,Tunulluarfik,17,17,45,St17_45,61.1682,-45.23467,0.38,29.493,0.05,5.862,-0.001,1.8578,2.055,2.869,0.1972,0.419,82.87,10.7,8.65,0.05,0.600771035,0.041148998,0.004281415,0.225768297,0.115787668,0.100527043,1.649115673,0.967726207,0.512860617,2.945282433,1.434689109,0.840540787,3.659561859,1.077886472,0.017419308,0.006783678,0.007660622,2.567826353,4.268473757,0.166608793,0.059086952,0.020338415,0.1090875,0.469159761,0.166385097,0.057271683,0.307183459
Augmentum01,2025-08-24T09:37:00,Tunulluarfik,18,18,1,St18_1,61.05698333,-45.44375,4.46,18.137,0.4,2.738,83.264,0.0996,0.114,10.617,0.0144,0.04,56.01,4.94,4.83,0.4,0.91641753,0.043223294,0.038902699,0.183495443,0.095249053,0.087682436,1.97688893,0.874695448,0.519081298,2.290042391,0.99085452,0.538919626,4.969286328,5.864638976,0.025484765,0.017652169,0.013075713,1.443718627,4.910446191,0.152286168,0.042104815,0.086976209,0.079683742,0.42178583,0.116617383,0.240897338,0.220699448
Augmentum01,2025-08-24T09:37:00,Tunulluarfik,18,18,15,St18_15,61.05698333,-45.44375,0.3,29.322,0.04,3.164,4.262,1.8513,2.052,2.879,0.2007,0.41,72.48,9.21,7.16,0.04,0.724099037,0.047942821,0.043646373,0.264421039,0.147123853,0.124639523,1.484057712,0.904885237,0.556399952,2.599994309,0.926996494,0.427556574,8.393727462,53.43092314,0.026976909,0.024288021,0.017906485,1.110708384,4.308213528,0.224773836,0.082020931,0.097807334,0.085595596,0.458537111,0.167322147,0.199526303,0.174614439
Augmentum01,2025-08-24T09:37:00,Tunulluarfik,18,18,45,St18_45,61.05698333,-45.44375,1.44,31.76,0.11,3.217,0.02,1.6964,1.835,1.945,0.1386,0.442,109.25,14.8,12.97,0.11,0.800579479,0.04795682,0.052913251,0.286128655,0.161376759,0.141643852,1.683493023,0.894097829,0.564000691,4.754161028,2.756327805,2.017206624,2.630029728,1.565639061,0.013822468,0.002921251,0.003744588,4.73169462,5.226313405,0.253143908,0.084438684,0.103100161,0.150566445,0.428150954,0.142814036,0.17437683,0.254658181
Augmentum01,2025-08-24T13:46:00,Tunulluarfik,19,19,1,St19_1,60.94516667,-45.75433333,2.77,23.353,0.47,6.078,78.739,0.3599,0.409,7.352,0.0491,0.099,67.45,5.33,4.92,0.47,0.737833017,0.073755208,0.032909461,0.198494604,0.094068219,0.084565079,1.188609445,0.85082316,0.473908194,2.311657514,1.023873518,0.633903958,4.17596138,1.591616932,0.022191352,0.010969435,0.008660944,2.023016845,4.115972093,0.152657493,0.038659997,0.209115666,0.093749716,0.308908911,0.078230144,0.423154419,0.189706526
Augmentum01,2025-08-24T13:46:00,Tunulluarfik,19,19,15,St19_15,60.94516667,-45.75433333,0.28,29.535,0.06,3.07,1.997,1.8677,2.071,2.845,0.2033,0.379,90.64,11.36,9.29,0.06,0.847692002,0.067767136,0.05266196,0.265431447,0.156372775,0.136673858,1.996563228,0.876317733,0.589126783,3.260550722,1.61523859,0.999996051,3.836709838,0.383147274,0.01899502,0.008605467,0.007731887,2.207320038,4.320373448,0.228768324,0.065470827,0.123018187,0.084948153,0.455527325,0.130366609,0.244955878,0.169150188
Augmentum01,2025-08-24T13:46:00,Tunulluarfik,19,19,45,St19_45,60.94516667,-45.75433333,1.86,31.849,0.15,2.998,0.019,1.6855,1.795,2.152,0.1095,0.442,263.26,39.38,37.58,0.15,0.683421667,0.079929407,0.058591954,0.306158205,0.164465201,0.130754304,1.524274527,0.877311031,0.537190244,3.809028564,1.930882846,1.278147978,3.414303375,1.222784268,0.018482975,0.005658778,0.005625484,3.266248646,1.737686734,0.255474168,0.06364296,0.117254735,0.106182476,0.470872961,0.117302462,0.216116113,0.195708463
Augmentum01,2025-08-25T09:53:00,Tunulluarfik,20,20,1,St20_1,60.88233333,-46.04183333,2.15,21.912,0.98,2.22,86.718,1.1263,1.17,6.702,0.0437,0.071,54.07,4.39,3.22,0.98,0.819459898,0.076072571,0.054463242,0.164651908,0.084393023,0.074057863,1.237357629,0.876756685,0.512554177,2.852352596,1.603352393,1.223114488,2.663439152,0.092232434,0.015722776,0.006307156,0.004409656,2.49284702,6.336114219,0.134371384,0.036702764,0.097101941,0.136572636,0.331987171,0.09068037,0.239906725,0.337425735
Augmentum01,2025-08-25T09:53:00,Tunulluarfik,20,20,15,St20_15,60.88233333,-46.04183333,0.68,29.723,0.26,3.037,5.513,1.6073,1.782,2.618,0.1747,0.36,93.77,12.64,10.85,0.26,0.804606526,0.067060548,0.060808081,0.258952481,0.135319354,0.118467867,1.275149537,0.887755342,0.522564424,2.365829561,0.916584521,0.473891395,6.183948449,1.227209452,0.026075326,0.017214733,0.012633341,1.514709856,3.030118443,0.221335197,0.057216018,0.101420283,0.093840709,0.467136966,0.120756741,0.214051646,0.198054646
Augmentum01,2025-08-25T09:53:00,Tunulluarfik,20,20,45,St20_45,60.88233333,-46.04183333,1.76,31.765,0.15,3.055,0.084,2.232,2.361,2.289,0.129,0.471,138.96,18.63,16.27,0.15,0.640353781,0.063248776,0.06078705,0.281659151,0.160174207,0.135244578,1.608553074,0.876750902,0.568680996,2.626703442,0.957173143,0.409453338,7.826277905,4.913884731,0.02764022,0.021708648,0.018787394,1.273235443,2.270182505,0.246821969,0.062435554,0.085737919,0.089154076,0.509805256,0.12895924,0.177089754,0.18414575
Augmentum01,2025-08-25T11:20:00,Tunulluarfik,21,21,1,St21_1,60.778,-46.3175,2.83,24.665,0.97,2.454,81.422,0.7014,0.781,4.605,0.0796,0.185,65.64,6.3,5.51,0.97,1.043584169,0.06443237,0.050812005,0.199147522,0.107059697,0.107884957,1.789228626,0.839296815,0.537589904,2.805534561,1.331299403,0.93360603,3.347120644,1.115713271,0.0208592,0.00822226,0.005352238,2.536918131,5.133091798,0.180699311,0.055459458,0.320710814,0.086233137,0.28098048,0.086237325,0.498692983,0.134089212
Augmentum01,2025-08-25T11:20:00,Tunulluarfik,21,21,15,St21_15,60.778,-46.3175,0.96,30.275,0.84,2.798,7.067,1.501,1.672,2.04,0.171,0.332,119.36,9.29,7.62,0.84,0.981828322,0.102774702,0.094072933,0.281807255,0.156712107,0.199600711,1.39246095,0.805297101,0.55609678,3.420439882,1.527510518,0.931925601,4.241217799,1.829887539,0.020835055,0.010165318,0.007912969,2.049621436,3.441590771,0.245796857,0.080976736,0.102182598,0.161294586,0.416427841,0.137190393,0.173117261,0.273264504
Augmentum01,2025-08-25T11:20:00,Tunulluarfik,21,21,45,St21_45,60.778,-46.3175,2.68,31.513,0.35,2.993,0.155,1.0813,1.157,1.611,0.0757,0.387,125.91,14.59,13.44,0.35,0.730792621,0.077023338,0.0600332,0.288880039,0.158507381,0.215515805,1.848750124,0.868730365,0.548696203,3.303653063,1.628845398,1.007571191,3.307540714,1.298136788,0.020185047,0.008318796,0.007561153,2.426438604,3.151220979,0.238680324,0.102937306,0.124875699,0.113296529,0.411666953,0.17754244,0.215380965,0.195409643
Augmentum01,2025-08-25T14:43:00,Tunulluarfik,22,22,1,St22_1,60.66683333,-46.72233333,6.47,26.54,0.76,2.529,87.774,0.1033,0.122,2.838,0.0187,0.092,65.97,4.66,4.54,0.76,0.943984329,0.060777121,0.03790282,0.172108698,0.083189948,0.07549208,1.754178524,0.831583144,0.483357025,2.646658924,1.274014277,0.801933495,3.916746767,1.577606097,0.021326667,0.011574208,0.008383587,1.842602642,4.818594316,0.140157905,0.037426115,0.064174588,0.091469543,0.420606436,0.112313785,0.192584533,0.274495245
Augmentum01,2025-08-25T14:43:00,Tunulluarfik,22,22,15,St22_15,60.66683333,-46.72233333,4.08,30.886,0.77,2.606,8.527,0.2576,0.293,1.045,0.0354,0.264,NA,NA,,0.77,0.859419151,0.05347338,0.064752574,0.287706458,0.154427636,0.120188874,1.569523427,0.871208918,0.53675415,2.694396743,0.959371495,0.36378969,8.531763418,-0.526998548,0.029743074,0.02197183,0.022309745,1.353691219,,0.238579843,0.056160342,0.087640918,0.102329429,0.492210974,0.115863672,0.180810839,0.211114515
Augmentum01,2025-08-25T14:43:00,Tunulluarfik,22,22,45,St22_45,60.66683333,-46.72233333,2.08,31.896,0.26,2.981,0.459,1.6456,1.734,2.195,0.0884,0.449,95.43,10.97,9.23,0.26,0.664709455,0.054754175,0.062888542,0.279090637,0.14852906,0.117947578,1.701131368,0.88242354,0.532189334,2.710884444,1.064262413,0.439372391,7.600978246,11.32416624,0.026142895,0.017977591,0.016785797,1.454193449,3.411567116,0.239360156,0.058663758,0.063290731,0.082194612,0.539695964,0.132271778,0.142704419,0.185327839
